<?xml version="1.0" encoding="UTF-8"?>
<faces-config 
              xmlns="http://xmlns.jcp.org/xml/ns/javaee" 
              xmlns:xsi="http://www.w3.org/2001/XMLSchema-instance" 
              xsi:schemaLocation="http://xmlns.jcp.org/xml/ns/javaee http://xmlns.jcp.org/xml/ns/javaee/web-facesconfig_2_2.xsd"
              version="2.2">  
              
  <application>
       
       <locale-config>
   			<default-locale>es</default-locale>
   			<supported-locale>es</supported-locale>
   			<supported-locale>ca</supported-locale>
  		</locale-config>
		
	 	<resource-bundle>
        	<base-name>openadmin.languages.generals</base-name>
        	<var>rscgene</var>
	 	</resource-bundle>
	 	
	 	<resource-bundle>
        	<base-name>openadmin.languages.labels</base-name>
        	<var>rsclabel</var>
	 	</resource-bundle>
	 	
	 	<resource-bundle>
        	<base-name>openadmin.languages.actions</base-name>
        	<var>rscaction</var>
	 	</resource-bundle>
	 	
	</application>            

</faces-config>